date,size_30,size_40,size_50,size_60,size_70,size_80,size_100
2018-09-16,101000.0,90000.0,81000.0,77000.0,74000.0,71000.0,65000.0
2018-09-23,100000.0,88666.66666666667,80333.33333333333,76333.33333333333,73333.33333333333,70333.33333333333,64333.333333333336
2018-09-30,99000.0,87333.33333333333,79666.66666666667,75666.66666666667,72666.66666666667,69666.66666666667,63666.666666666664
2018-10-07,98000.0,86000.0,79000.0,75000.0,72000.0,69000.0,63000.0
2018-10-14,97000.0,84666.66666666667,78333.33333333333,74333.33333333333,71333.33333333333,68333.33333333333,62333.333333333336
2018-10-21,96000.0,83333.33333333333,77666.66666666667,73666.66666666667,70666.66666666667,67666.66666666667,61666.666666666664
2018-10-28,95000.0,82000.0,77000.0,73000.0,70000.0,67000.0,61000.0
2018-11-04,93500.0,81250.0,75750.0,71750.0,68750.0,65750.0,59750.0
2018-11-11,92000.0,80500.0,74500.0,70500.0,67500.0,64500.0,58500.0
2018-11-18,90500.0,79750.0,73250.0,69250.0,66250.0,63250.0,57250.0
2018-11-25,89000.0,79000.0,72000.0,68000.0,65000.0,62000.0,56000.0
2018-12-02,87416.66666666667,76250.0,68000.0,64250.0,61000.0,58000.0,52000.0
2018-12-09,85833.33333333334,73500.0,64000.0,60500.0,57000.0,54000.0,48000.0
2018-12-16,85333.33333333333,78000.0,71000.0,58000.0,55000.0,52000.0,46000.0
2018-12-23,85000.0,75000.0,65000.0,62000.0,59000.0,56000.0,50000.0
2018-12-30,91000.0,81000.0,68000.0,65000.0,62000.0,59000.0,53000.0
2019-01-06,93000.0,83000.0,69000.0,66000.0,63000.0,60000.0,55000.0
2019-01-13,94000.0,84000.0,72000.0,68000.0,65000.0,62000.0,56000.0
2019-01-20,94000.0,84000.0,72000.0,68000.0,65000.0,62000.0,56000.0
2019-01-27,94000.0,84000.0,72000.0,68000.0,65000.0,62000.0,56000.0
2019-02-03,94000.0,84000.0,70000.0,66000.0,63000.0,60000.0,52000.0
2019-02-10,92000.0,82000.0,67000.0,63000.0,60000.0,57000.0,49000.0
2019-02-17,90000.0,80000.0,66000.0,62000.0,59000.0,56000.0,47000.0
2019-02-24,90000.0,80000.0,64000.0,60000.0,57000.0,54000.0,44000.0
2019-03-03,92000.0,82000.0,65000.0,61000.0,57000.0,54000.0,44000.0
2019-03-10,92000.0,82000.0,65000.0,61000.0,57000.0,54000.0,45500.0
2019-03-17,92750.0,82750.0,65500.0,61000.0,58000.0,54500.0,47000.0
2019-03-24,93000.0,83000.0,64000.0,59000.0,56000.0,52000.0,45000.0
2019-03-31,92000.0,82000.0,62000.0,58000.0,54000.0,50000.0,44000.0
2019-04-07,91666.66666666667,82000.0,62000.0,58000.0,54000.0,50000.0,44000.0
2019-04-14,90666.66666666666,76000.0,60600.0,57400.0,54400.0,51200.0,44400.0
2019-04-21,90000.0,72000.0,59000.0,55000.0,52000.0,48000.0,42000.0
2019-04-28,90000.0,72000.0,59000.0,55000.0,52000.0,48000.0,42000.0
2019-05-05,90600.0,72000.0,59200.0,56000.0,53000.0,49800.0,42800.0
2019-05-12,92000.0,72500.0,60000.0,54500.0,54000.0,51000.0,45000.0
2019-05-19,93000.0,73000.0,62000.0,59000.0,55000.0,51000.0,45000.0
2019-05-26,93000.0,74000.0,62000.0,59000.0,56000.0,52000.0,46000.0
2019-06-02,93666.66666666667,75000.0,62666.666666666664,59666.666666666664,56666.666666666664,53000.0,46666.666666666664
2019-06-09,94333.33333333333,76000.0,63333.333333333336,60333.333333333336,57333.333333333336,54000.0,47333.333333333336
2019-06-16,95000.0,77000.0,64000.0,61000.0,58000.0,55000.0,48000.0
2019-06-23,99000.0,80000.0,65000.0,62000.0,59000.0,56000.0,48000.0
2019-06-30,100000.0,80000.0,67000.0,64000.0,61000.0,57000.0,51000.0
2019-07-07,102000.0,81000.0,70250.0,66000.0,63000.0,59000.0,53000.0
2019-07-14,102000.0,83000.0,72000.0,69000.0,66000.0,63000.0,55000.0
2019-07-21,103000.0,84000.0,73000.0,70000.0,67000.0,64000.0,56000.0
2019-07-28,104000.0,85000.0,74000.0,71000.0,68000.0,64750.0,57000.0
2019-08-04,104000.0,85000.0,74000.0,71000.0,68000.0,65000.0,57000.0
2019-08-11,98000.0,83000.0,76000.0,69000.0,66000.0,63000.0,56000.0
2019-08-18,96000.0,82000.0,71000.0,68000.0,65000.0,61000.0,54000.0
2019-08-25,96000.0,82000.0,71000.0,68000.0,65000.0,61000.0,54000.0
2019-09-01,96000.0,82000.0,71000.0,68000.0,65000.0,61000.0,54000.0
2019-09-08,99000.0,84000.0,72000.0,69000.0,66000.0,63000.0,55000.0
2019-09-15,98000.0,83000.0,71000.0,68000.0,65000.0,62000.0,54000.0
2019-09-22,97000.0,83000.0,70000.0,67000.0,64000.0,61000.0,53000.0
2019-09-29,97000.0,83000.0,70000.0,67000.0,64000.0,61000.0,53000.0
2019-10-06,96000.0,81000.0,77000.0,64000.0,61000.0,57000.0,50000.0
2019-10-13,89000.0,74000.0,64000.0,61000.0,58000.0,54000.0,47000.0
2019-10-20,89000.0,74000.0,64000.0,61000.0,58000.0,54000.0,47000.0
2019-10-27,89000.0,73000.0,63000.0,60000.0,57000.0,53000.0,46000.0
2019-11-03,89000.0,73000.0,63000.0,60000.0,57000.0,53000.0,46000.0
2019-11-10,89000.0,73000.0,63000.0,60000.0,57000.0,53000.0,46000.0
2019-11-17,89000.0,74000.0,65000.0,62000.0,59000.0,55000.0,48000.0
2019-11-24,89900.0,74900.0,66000.0,63000.0,60000.0,56200.0,49200.0
2019-12-01,92000.0,76000.0,67000.0,64000.0,61000.0,57000.0,50000.0
2019-12-08,94000.0,77000.0,69000.0,66000.0,63000.0,59000.0,52000.0
2019-12-15,92200.0,76400.0,69000.0,66000.0,63000.0,59000.0,51800.0
2019-12-22,93000.0,77000.0,69000.0,66000.0,63000.0,59000.0,52000.0
2019-12-29,89000.0,74000.0,69000.0,66000.0,63000.0,59000.0,51000.0
2020-01-05,91285.71428571429,77857.14285714286,68857.14285714286,66000.0,63000.0,59000.0,51571.42857142857
2020-01-12,90714.28571428571,75142.85714285714,68428.57142857143,65428.57142857143,62428.57142857143,58428.57142857143,51000.0
2020-01-19,92000.0,76000.0,65500.0,65000.0,62000.0,58000.0,51000.0
2020-01-26,91000.0,76000.0,66000.0,63000.0,60000.0,57000.0,50000.0
2020-02-02,84000.0,74000.0,64000.0,61000.0,58000.0,55000.0,48000.0
2020-02-09,82000.0,72000.0,61000.0,58000.0,55000.0,52000.0,46000.0
2020-02-16,81200.0,71200.0,60400.0,57400.0,54200.0,51200.0,45400.0
2020-02-23,81000.0,71000.0,60000.0,57000.0,54000.0,51000.0,45000.0
2020-03-01,82000.0,72000.0,61000.0,58000.0,55000.0,52000.0,46000.0
2020-03-08,83000.0,73000.0,62000.0,59000.0,56000.0,53000.0,47000.0
2020-03-15,84000.0,73000.0,63000.0,60000.0,57000.0,54000.0,47000.0
2020-03-22,82000.0,72000.0,60500.0,57500.0,54500.0,51500.0,45500.0
2020-03-29,77500.0,64500.0,56000.0,53000.0,50000.0,47000.0,41000.0
2020-04-05,78500.0,64000.0,56000.0,53000.0,50000.0,47000.0,41000.0
2020-04-12,79000.0,67000.0,56666.666666666664,53666.666666666664,50666.666666666664,47500.0,41333.333333333336
2020-04-19,79916.66666666667,67916.66666666667,57333.333333333336,54333.333333333336,51333.333333333336,48166.666666666664,42166.666666666664
2020-04-26,83600.0,71800.0,62600.0,59600.0,56600.0,53600.0,47400.0
2020-05-03,85400.0,74000.0,64400.0,61400.0,58400.0,55400.0,49400.0
2020-05-10,87571.42857142857,75428.57142857143,65285.71428571428,62142.857142857145,59142.857142857145,56000.0,50142.857142857145
2020-05-17,89833.33333333333,77166.66666666667,67666.66666666667,64333.333333333336,61500.0,58166.666666666664,52333.333333333336
2020-05-24,92000.0,77000.0,70000.0,67000.0,64000.0,61000.0,55000.0
2020-05-31,90750.0,78625.0,70000.0,67125.0,64250.0,60625.0,55000.0
2020-06-07,93800.0,80200.0,71600.0,68800.0,66000.0,62600.0,56800.0
2020-06-14,89200.0,78000.0,67800.0,65000.0,62200.0,58800.0,53000.0
2020-06-21,90000.0,79555.55555555556,69277.77777777778,65472.22222222222,62472.22222222222,58916.666666666664,53750.0
2020-06-28,91000.0,79000.0,67000.0,64000.0,61000.0,58000.0,52000.0
2020-07-05,90100.0,79800.0,69000.0,65300.0,62300.0,53400.0,53700.0
2020-07-12,90800.0,80200.0,70200.0,67000.0,64000.0,61000.0,55200.0
2020-07-19,91416.66666666667,80416.66666666667,70416.66666666667,67166.66666666667,64000.0,61000.0,55250.0
2020-07-26,93500.0,81000.0,73000.0,70000.0,67000.0,64000.0,58000.0
2020-08-02,92600.0,80400.0,72000.0,69000.0,66000.0,62800.0,57400.0
2020-08-09,94600.0,81300.0,73700.0,70500.0,67500.0,64600.0,58800.0
2020-08-16,96000.0,83000.0,75000.0,72000.0,69000.0,66000.0,60000.0
2020-08-23,97000.0,84000.0,76000.0,73000.0,70000.0,67000.0,61000.0
2020-08-30,97000.0,84000.0,75500.0,72500.0,69500.0,66500.0,60500.0
2020-09-06,97000.0,84000.0,75000.0,72000.0,69000.0,66000.0,60000.0
2020-09-13,96181.81818181818,85000.0,75636.36363636363,72545.45454545454,63909.09090909091,61636.36363636364,60909.09090909091
2020-09-20,97000.0,85000.0,76000.0,73000.0,70000.0,67000.0,62000.0
2020-09-27,95000.0,85000.0,76000.0,73000.0,70000.0,67000.0,61000.0
2020-10-04,95000.0,85000.0,75000.0,72000.0,69000.0,66000.0,60000.0
2020-10-11,93000.0,83000.0,73000.0,70000.0,67000.0,64000.0,58000.0
2020-10-18,91000.0,80000.0,70333.33333333333,67333.33333333333,65000.0,62333.333333333336,56666.666666666664
2020-10-25,90500.0,81000.0,70750.0,67916.66666666667,65250.0,61916.666666666664,56416.666666666664
2020-11-01,86000.0,76000.0,69000.0,66000.0,63000.0,60000.0,55000.0
2020-11-08,91000.0,81000.0,71000.0,68000.0,65000.0,62000.0,56000.0
2020-11-15,89000.0,81000.0,69666.66666666667,66666.66666666667,64000.0,60666.666666666664,56000.0
2020-11-22,92000.0,80000.0,71000.0,68000.0,65000.0,62000.0,56000.0
2020-11-29,92000.0,80000.0,71000.0,68000.0,65000.0,62000.0,56000.0
2020-12-06,89400.0,79000.0,68800.0,66000.0,62800.0,59200.0,54400.0
2020-12-13,90000.0,78000.0,68000.0,65000.0,62000.0,59000.0,54000.0
2020-12-20,90000.0,78000.0,68000.0,65000.0,62000.0,59000.0,53000.0
2020-12-27,88000.0,77000.0,67000.0,64000.0,61000.0,58000.0,52000.0
2021-01-03,86000.0,76714.28571428571,66142.85714285714,63714.28571428572,59785.71428571428,55785.71428571428,51714.28571428572
2021-01-10,85333.33333333333,76000.0,66000.0,63666.666666666664,60000.0,55000.0,51000.0
2021-01-17,87000.0,75000.0,66000.0,63000.0,60000.0,56000.0,50000.0
2021-01-24,86200.0,75200.0,65800.0,62800.0,59800.0,55600.0,49600.0
2021-01-31,87000.0,75000.0,66000.0,63000.0,60000.0,56000.0,50000.0
2021-02-07,85400.0,73800.0,63400.0,60400.0,57200.0,53600.0,48800.0
2021-02-14,85800.0,74200.0,64200.0,61200.0,58200.0,55000.0,50000.0
2021-02-21,88000.0,76000.0,65000.0,62000.0,59000.0,56000.0,51000.0
2021-02-28,86600.0,75800.0,65800.0,62800.0,59800.0,56600.0,51600.0
2021-03-07,88000.0,77000.0,66000.0,63000.0,60000.0,57000.0,52000.0
2021-03-14,86200.0,76000.0,66000.0,63000.0,60000.0,57000.0,51600.0
2021-03-21,85833.33333333333,75666.66666666667,65500.0,62333.333333333336,59500.0,55833.333333333336,50666.666666666664
2021-03-28,81000.0,76000.0,67000.0,63000.0,60000.0,55000.0,50000.0
2021-04-04,89600.0,78000.0,68000.0,65000.0,61600.0,57600.0,52000.0
2021-04-11,92000.0,82250.0,71500.0,66000.0,63000.0,59000.0,53000.0
2021-04-18,90200.0,79000.0,68800.0,66000.0,62600.0,58800.0,53000.0
2021-04-25,93000.0,81000.0,70000.0,67000.0,64000.0,60000.0,53000.0
2021-05-02,93000.0,81000.0,70000.0,67000.0,64000.0,60000.0,53000.0
2021-05-09,93000.0,81000.0,71000.0,68000.0,65000.0,61000.0,54000.0
2021-05-16,94000.0,82000.0,71500.0,68500.0,65500.0,61500.0,54500.0
2021-05-23,95000.0,83000.0,72000.0,69000.0,66000.0,62000.0,55000.0
2021-05-30,97000.0,85000.0,73000.0,69500.0,66500.0,61500.0,54500.0
2021-06-06,97900.0,85450.0,73150.0,69450.0,66150.0,61150.0,54250.0
2021-06-13,98800.0,85900.0,73300.0,69400.0,65800.0,60800.0,54000.0
2021-06-20,100000.0,86000.0,73000.0,69000.0,66000.0,61000.0,54000.0
2021-06-27,100000.0,86000.0,74000.0,70000.0,67000.0,62000.0,55000.0
2021-07-04,101000.0,86000.0,75000.0,72000.0,69000.0,65000.0,56000.0
2021-07-11,102000.0,87000.0,76000.0,73000.0,70000.0,66000.0,56000.0
2021-07-18,102000.0,87000.0,76000.0,73000.0,70000.0,66000.0,56000.0
2021-07-25,99000.0,85000.0,74000.0,71000.0,68000.0,65000.0,56000.0
2021-08-01,99000.0,84000.0,74000.0,71000.0,68000.0,65000.0,56000.0
2021-08-08,95333.33333333333,81666.66666666667,72000.0,69000.0,66000.0,62333.333333333336,51000.0
2021-08-15,93666.66666666666,81333.33333333334,71000.0,68000.0,65000.0,61666.66666666667,50000.0
2021-08-22,92000.0,81000.0,70000.0,67000.0,64000.0,61000.0,49000.0
2021-08-29,90000.0,80000.0,69333.33333333333,65000.0,62000.0,59000.0,48000.0
2021-09-05,90500.0,80500.0,69000.0,66000.0,63000.0,60000.0,49000.0
2021-09-12,91000.0,81000.0,70000.0,67000.0,66000.0,62000.0,50000.0
2021-09-19,93000.0,83000.0,71000.0,68000.0,65000.0,62000.0,52000.0
2021-09-26,95000.0,85000.0,72000.0,69000.0,66000.0,63000.0,53000.0
2021-10-03,98000.0,88000.0,73000.0,70000.0,67000.0,63000.0,53000.0
2021-10-10,99000.0,89000.0,73000.0,70000.0,67000.0,63000.0,53000.0
2021-10-17,98800.0,88800.0,74400.0,71000.0,68000.0,63800.0,53000.0
2021-10-24,99400.0,89400.0,74450.0,71250.0,68250.0,64150.0,53500.0
2021-10-31,100000.0,90000.0,74500.0,71500.0,68500.0,64500.0,54000.0
2021-11-07,99750.0,89750.0,75125.0,71625.0,68625.0,63625.0,54000.0
2021-11-14,99500.0,89500.0,75750.0,71750.0,68750.0,62750.0,54000.0
2021-11-21,97857.14285714286,87857.14285714286,74857.14285714286,71857.14285714286,68428.57142857143,62714.28571428572,54142.857142857145
2021-11-28,104000.0,94000.0,74250.0,71250.0,68250.0,64750.0,53500.0
2021-12-05,100500.0,90500.0,72625.0,69625.0,66625.0,63375.0,52250.0
2021-12-12,97000.0,87000.0,71000.0,68000.0,65000.0,62000.0,51000.0
2021-12-19,96000.0,86000.0,67000.0,64000.0,61000.0,58000.0,47000.0
2021-12-26,91000.0,81000.0,65000.0,62000.0,59000.0,56000.0,45000.0
2022-01-02,91800.0,81800.0,65800.0,62000.0,59000.0,54400.0,45800.0
2022-01-09,94000.0,84000.0,68000.0,65000.0,62000.0,59000.0,47000.0
2022-01-16,96000.0,86000.0,70000.0,67000.0,64000.0,61000.0,49000.0
2022-01-23,97000.0,87000.0,71000.0,68000.0,65000.0,62000.0,50000.0
2022-01-30,99000.0,89000.0,72000.0,69000.0,66000.0,63000.0,51000.0
2022-02-06,99000.0,89000.0,72000.0,69000.0,66000.0,63000.0,51000.0
2022-02-13,99166.66666666666,89166.66666666666,72500.0,69333.33333333334,66166.66666666666,62833.33333333333,51166.66666666667
2022-02-20,99333.33333333333,89333.33333333333,73000.0,69666.66666666667,66333.33333333333,62666.666666666664,51333.333333333336
2022-02-27,101000.0,91000.0,73714.28571428571,70000.0,67714.28571428571,59714.28571428572,52000.0
2022-03-06,101000.0,91000.0,73000.0,70000.0,67000.0,64000.0,52000.0
2022-03-13,102000.0,92000.0,74000.0,71000.0,68000.0,64000.0,52000.0
2022-03-20,102000.0,92000.0,76000.0,73000.0,70000.0,66000.0,54000.0
2022-03-27,102000.0,92000.0,77000.0,74000.0,71000.0,67000.0,55000.0
2022-04-03,102000.0,92000.0,77000.0,74000.0,71000.0,67000.0,55000.0
2022-04-10,103000.0,93000.0,78000.0,75000.0,72000.0,67000.0,55000.0
2022-04-17,103000.0,93000.0,78000.0,75000.0,72000.0,67000.0,55000.0
2022-04-24,104000.0,94000.0,79000.0,76000.0,73000.0,70000.0,56000.0
2022-05-01,100333.33333333333,92000.0,78000.0,75000.0,72000.0,68333.33333333333,55333.333333333336
2022-05-08,96666.66666666667,90000.0,77000.0,74000.0,71000.0,66666.66666666667,54666.666666666664
2022-05-15,93000.0,88000.0,76000.0,73000.0,70000.0,65000.0,54000.0
2022-05-22,95000.0,86000.0,74000.0,70000.0,66000.0,54000.0,48000.0
2022-05-29,90000.0,86000.0,74000.0,71000.0,68000.0,63000.0,53000.0
2022-06-05,87500.0,79000.0,70000.0,67000.0,64000.0,61000.0,50000.0
2022-06-12,85000.0,78000.0,69000.0,66000.0,63000.0,60000.0,49000.0
2022-06-19,82000.0,79000.0,70000.0,67000.0,64000.0,59000.0,50000.0
2022-06-26,82000.0,77000.0,70000.0,67000.0,64000.0,59000.0,51000.0
2022-07-03,82000.0,77000.0,70000.0,67000.0,64000.0,59000.0,51000.0
2022-07-10,84200.0,78200.0,70397.8,67400.0,64000.0,59200.0,52000.0
2022-07-17,84600.0,78600.0,70698.9,67700.0,64500.0,59600.0,53000.0
2022-07-24,85000.0,79000.0,71000.0,68000.0,65000.0,60000.0,54000.0
2022-07-31,85000.0,79000.0,71000.0,68000.0,65000.0,60000.0,55000.0
2022-08-07,85000.0,79000.0,71000.0,68000.0,65000.0,62000.0,56000.0
2022-08-14,85800.0,80000.0,72600.0,69000.0,65800.0,63000.0,57000.0
2022-08-21,83666.66666666667,78666.66666666667,72333.33333333333,69000.0,66000.0,63000.0,56666.666666666664
2022-08-28,84333.33333333333,79333.33333333333,73000.0,69666.66666666667,66666.66666666667,63666.666666666664,57333.333333333336
2022-09-04,84000.0,80250.0,74500.0,70750.0,67000.0,64000.0,58000.0
2022-09-11,83833.33333333333,79000.0,73666.66666666667,70166.66666666667,67166.66666666667,64166.666666666664,57333.333333333336
2022-09-18,82000.0,77000.0,73000.0,70000.0,67000.0,64000.0,58000.0
2022-09-25,81000.0,76000.0,73000.0,70000.0,67000.0,64000.0,58000.0
2022-10-02,79666.66666666667,76000.0,72333.33333333333,69000.0,66000.0,63000.0,57666.666666666664
2022-10-09,73833.33333333334,70500.0,67166.66666666666,64000.0,61000.0,58000.0,55333.33333333333
2022-10-16,68000.0,65000.0,62000.0,59000.0,56000.0,53000.0,53000.0
2022-10-23,61000.0,58666.666666666664,57000.0,54333.333333333336,52000.0,49333.333333333336,48666.666666666664
2022-10-30,61000.0,59000.0,57000.0,54000.0,51000.0,47000.0,47000.0
2022-11-06,66000.0,60600.0,58400.0,55200.0,52200.0,49600.0,48400.0
2022-11-13,70200.0,63400.0,60200.0,57200.0,54400.0,51400.0,50200.0
2022-11-20,70357.14285714286,63714.28571428572,61000.0,58785.71428571428,56000.0,53928.57142857143,51571.42857142857
2022-11-27,70666.66666666667,66000.0,63000.0,60666.666666666664,58333.333333333336,55666.666666666664,52000.0
2022-12-04,73000.0,69000.0,63000.0,61000.0,59000.0,56000.0,53000.0
2022-12-11,73000.0,69000.0,64000.0,61000.0,59000.0,57000.0,54000.0
2022-12-18,70000.0,66000.0,62000.0,60000.0,58000.0,55000.0,53000.0
2022-12-25,69000.0,65000.0,62000.0,60000.0,58000.0,55000.0,53000.0
2023-01-01,68200.0,63000.0,60000.0,57200.0,55200.0,52600.0,51000.0
2023-01-08,69400.0,64800.0,62000.0,60000.0,57800.0,56000.0,52800.0
2023-01-15,71000.0,66000.0,62000.0,60000.0,58000.0,56000.0,53000.0
2023-01-22,71714.28571428571,66285.71428571429,62714.28571428572,60714.28571428572,58714.28571428572,56142.857142857145,52714.28571428572
2023-01-29,72285.71428571429,68000.0,64714.28571428572,62000.0,60000.0,56285.71428571428,53285.71428571428
2023-02-05,76041.66666666667,68208.33333333333,64708.333333333336,61708.333333333336,59708.333333333336,57416.666666666664,53708.333333333336
2023-02-12,76157.8947368421,68631.57894736843,64631.57894736842,61842.10526315789,59842.10526315789,57631.57894736842,53368.42105263158
2023-02-19,74962.96296296296,68814.81481481482,62370.37037037037,61666.666666666664,59666.666666666664,57037.03703703704,53592.59259259259
2023-02-26,75312.5,70125.0,63625.0,61812.5,59156.25,57062.5,52937.5
2023-03-05,80277.77777777778,70888.88888888889,64888.88888888889,61444.444444444445,59333.333333333336,56777.77777777778,53111.11111111111
2023-03-12,74000.0,69000.0,63000.0,61000.0,59000.0,57000.0,53000.0
2023-03-19,80510.63829787234,71042.55319148937,64127.65957446808,61106.382978723406,59106.382978723406,56191.48936170213,52191.48936170213
2023-03-26,80142.85714285714,71666.66666666667,65476.19047619047,61857.142857142855,59428.57142857143,57428.57142857143,53000.0
2023-04-02,81000.0,72000.0,65666.66666666667,62000.0,59333.333333333336,57333.333333333336,52666.666666666664
2023-04-09,83485.71428571429,73657.14285714286,66228.57142857143,62342.857142857145,60028.57142857143,57971.42857142857,53971.42857142857
2023-04-16,82000.0,73000.0,65000.0,62000.0,60000.0,58000.0,54000.0
2023-04-23,84000.0,74500.0,66500.0,62500.0,60000.0,58000.0,54000.0
2023-04-30,86000.0,76000.0,68000.0,63000.0,60000.0,58000.0,54000.0
2023-05-07,84714.28571428571,76142.85714285714,68142.85714285714,63571.42857142857,60857.142857142855,57857.142857142855,53964.28571428571
2023-05-14,83428.57142857143,76285.71428571429,68285.71428571429,64142.857142857145,61714.28571428572,57714.28571428572,53928.57142857143
2023-05-21,85523.80952380953,76761.90476190476,68761.90476190476,64238.09523809524,61238.09523809524,58238.09523809524,53761.90476190476
2023-05-28,84600.0,76000.0,68400.0,64800.0,61600.0,57200.0,53000.0
2023-06-04,85500.0,75500.0,67500.0,64000.0,60500.0,57500.0,52000.0
2023-06-11,80500.0,73200.0,63400.0,61300.0,59100.0,56800.0,51600.0
2023-06-18,80500.0,70500.0,61875.0,59250.0,56750.0,53125.0,48375.0
2023-06-25,80000.0,70000.0,62000.0,60000.0,58000.0,53000.0,48000.0
2023-07-02,80000.0,70000.0,62000.0,60000.0,58000.0,53000.0,48000.0
2023-07-09,75000.0,65000.0,60000.0,58000.0,54000.0,49000.0,47000.0
2023-07-16,76250.0,64750.0,59750.0,57750.0,54000.0,49000.0,46666.666666666664
2023-07-23,79857.14285714286,67714.28571428571,60714.28571428572,58000.0,55000.0,52714.28571428572,48000.0
2023-07-30,78357.14285714286,68357.14285714286,60904.76190476191,58000.0,54095.23809523809,51095.23809523809,48000.0
2023-08-06,80090.90909090909,69727.27272727272,61909.09090909091,58000.0,55909.09090909091,52909.09090909091,48818.181818181816
2023-08-13,80000.0,67500.0,60500.0,56000.0,52250.0,49500.0,43250.0
2023-08-20,80566.03773584905,70566.03773584905,62000.0,60000.0,57283.018867924526,54283.018867924526,50000.0
2023-08-27,80166.66666666667,69666.66666666667,61333.333333333336,59333.333333333336,57000.0,53833.333333333336,48666.666666666664
2023-09-03,80000.0,70000.0,62000.0,60000.0,58000.0,55000.0,51000.0
2023-09-10,80357.14285714286,70214.28571428571,62071.42857142857,59571.42857142857,57428.57142857143,54357.142857142855,49785.71428571428
2023-09-17,80000.0,70000.0,62000.0,60000.0,58000.0,55000.0,51000.0
2023-09-24,80000.0,70000.0,62000.0,60000.0,58000.0,55000.0,51000.0
2023-10-01,80000.0,70000.0,62000.0,60000.0,58000.0,55000.0,51000.0
2023-10-08,77944.44444444444,69000.0,61814.81481481482,59629.62962962963,57000.0,54666.666666666664,50888.88888888889
2023-10-15,81000.0,71000.0,65000.0,63000.0,61000.0,58000.0,52000.0
2023-10-22,79750.0,69750.0,62750.0,60750.0,58250.0,56000.0,50500.0
2023-10-29,78000.0,69000.0,62500.0,60000.0,58000.0,55500.0,50000.0
2023-11-05,77272.72727272728,68636.36363636363,63000.0,61000.0,59000.0,57000.0,50727.27272727273
2023-11-12,75175.0,66825.0,63150.0,60000.0,57200.0,54750.0,51000.0
2023-11-19,74384.61538461539,67076.92307692308,62384.61538461538,60384.61538461538,57692.307692307695,55692.307692307695,51000.0
2023-11-26,72571.42857142857,65285.71428571428,60857.142857142855,58714.28571428572,56571.42857142857,53714.28571428572,49714.28571428572
2023-12-03,69272.72727272728,64272.72727272727,59090.90909090909,57272.72727272727,55090.90909090909,52545.454545454544,48181.818181818184
2023-12-10,63714.28571428572,59714.28571428572,56000.0,54000.0,52000.0,49428.57142857143,45428.57142857143
2023-12-17,61727.27272727273,57727.27272727273,54227.27272727273,52636.36363636364,50636.36363636364,47909.09090909091,43909.09090909091
2023-12-24,61200.0,58400.0,53600.0,51600.0,49600.0,47200.0,42000.0
2023-12-31,66500.0,53000.0,55000.0,53000.0,51000.0,49000.0,47500.0
2024-01-07,67578.94736842105,61473.68421052631,55684.21052631579,53684.21052631579,51684.21052631579,49473.68421052631,45473.68421052631
2024-01-14,66588.23529411765,62705.882352941175,56705.882352941175,54705.882352941175,52823.529411764706,50941.17647058824,46882.35294117647
2024-01-21,69620.68965517242,64620.68965517241,58379.31034482759,56241.379310344826,54241.379310344826,51862.06896551724,47862.06896551724
2024-01-28,67000.0,62666.666666666664,57666.666666666664,56000.0,54000.0,50777.77777777778,47000.0
2024-02-04,70676.4705882353,64705.882352941175,59235.294117647056,56470.58823529412,54588.23529411765,52470.58823529412,48705.882352941175
2024-02-11,71363.63636363637,65636.36363636363,59272.72727272727,57090.90909090909,55090.90909090909,52909.09090909091,48545.454545454544
2024-02-18,72782.60869565218,68239.13043478261,60652.17391304348,57869.565217391304,55869.565217391304,53347.82608695652,49347.82608695652
2024-02-25,74826.08695652174,70652.17391304347,63956.52173913043,60304.34782608696,57304.34782608696,55130.434782608696,49000.0
2024-03-03,73375.0,69375.0,61750.0,59750.0,56500.0,54750.0,49625.0
2024-03-10,75000.0,70000.0,63000.0,58000.0,56000.0,54000.0,50000.0
2024-03-17,78304.34782608696,72826.08695652174,65304.34782608696,62217.391304347824,59434.782608695656,56565.217391304344,50869.565217391304
2024-03-24,78600.0,73000.0,65400.0,62000.0,59200.0,56400.0,50800.0
2024-03-31,80000.0,74000.0,66000.0,63000.0,60000.0,56777.77777777778,51777.77777777778
2024-04-07,79000.0,74000.0,65000.0,62000.0,59000.0,56000.0,51000.0
2024-04-14,79000.0,74000.0,65000.0,62000.0,58875.0,55958.33333333333,51041.58333333333
2024-04-21,79000.0,74000.0,65000.0,62000.0,58750.0,55916.666666666664,51083.166666666664
2024-04-28,79764.70588235294,74764.70588235294,65529.41176470588,61941.17647058824,59029.41176470588,55970.58823529412,51088.23529411765
2024-05-05,82000.0,76000.0,67000.0,64000.0,61000.0,57000.0,52000.0
2024-05-12,83142.85714285714,77142.85714285714,68642.85714285714,65142.857142857145,61428.57142857143,58142.857142857145,52285.71428571428
2024-05-19,84000.0,78000.0,69000.0,66000.0,62000.0,59000.0,53000.0
2024-05-26,83000.0,78000.0,68000.0,65000.0,62000.0,58000.0,52000.0
2024-06-02,82142.57142857143,76857.14285714286,65714.28571428571,64000.0,60000.0,56142.857142857145,51285.71428571428
2024-06-09,80269.23076923077,75159.34065934065,67379.12087912088,64565.93406593407,59939.56043956044,56000.0,50835.16483516483
2024-06-16,79000.0,74000.0,66000.0,63000.0,59000.0,56000.0,50000.0
2024-06-23,79500.0,73250.0,66500.0,64250.0,58500.0,56500.0,51000.0
2024-06-30,81428.57142857143,75642.85714285714,68571.42857142857,65785.71428571429,60428.57142857143,56857.142857142855,51857.142857142855
2024-07-07,79333.33333333333,74333.33333333333,67000.0,65000.0,59333.333333333336,57333.333333333336,52333.333333333336
2024-07-14,81000.0,73000.0,67000.0,64000.0,61000.0,57000.0,51000.0
2024-07-21,81304.34782608696,76217.39130434782,67739.13043478261,64630.434782608696,62391.30434782609,58065.217391304344,53478.260869565216
2024-07-28,81000.0,76000.0,67000.0,65000.0,63000.0,58000.0,52000.0
2024-08-04,82000.0,76000.0,68000.0,66000.0,64000.0,58000.0,52000.0
2024-08-11,80000.0,75000.0,68000.0,65000.0,63000.0,58000.0,52000.0
2024-08-18,80000.0,75000.0,68000.0,65000.0,62000.0,60000.0,53000.0
2024-08-25,80000.0,75000.0,67514.15094339622,65000.0,61028.301886792455,59028.301886792455,51509.91509433962
2024-09-01,83846.15384615384,76538.46153846153,69307.69230769231,65769.23076923077,62307.692307692305,59538.46153846154,53769.230769230766
2024-09-08,80000.0,74000.0,68000.0,66000.0,62000.0,60000.0,54000.0
2024-09-15,79000.0,74000.0,68000.0,66000.0,62000.0,60000.0,54000.0
